,userId,name,email,contactnumber,payid,authid
0,USR_250451,Hubert Coffey,Hubert.Coffey@yahoo.com,+1 5632631483,PAY_548500,AUT_544658
1,USR_810594,James Saar,James.Saar@gmail.com,+1 2280930454,PAY_393540,AUT_195372
2,USR_243356,Gabriella Russell,Gabriella.Russell@outlook.com,+1 4874717877,PAY_384455,AUT_253295
3,USR_489834,Nina Smith,Nina.Smith@hotmail.com,+1 2591118970,PAY_117110,AUT_937688
4,USR_273493,Astrid Vazquez,Astrid.Vazquez@yahoo.com,+1 6345037546,PAY_867057,AUT_993372
5,USR_432651,Mario Sorenson,Mario.Sorenson@yahoo.com,+1 5422925709,PAY_749760,AUT_710971
6,USR_108954,Jill Smith,Jill.Smith@outlook.com,+1 4000787250,PAY_436017,AUT_595372
7,USR_428357,Elizabeth Lear,Elizabeth.Lear@hotmail.com,+1 4619984627,PAY_239264,AUT_364907
8,USR_854674,Wanda Pinson,Wanda.Pinson@outlook.com,+1 4697492545,PAY_250131,AUT_429486
9,USR_923112,Eddie Cash,Eddie.Cash@hotmail.com,+1 1235204296,PAY_461847,AUT_480451
10,USR_575840,Lenore Glowacki,Lenore.Glowacki@outlook.com,+1 1032342891,PAY_837188,AUT_608348
11,USR_923007,Chris Moss,Chris.Moss@outlook.com,+1 8887740550,PAY_675814,AUT_615872
12,USR_140277,Jayne Devane,Jayne.Devane@outlook.com,+1 1537534385,PAY_805754,AUT_901728
13,USR_223421,Brandon Murphy,Brandon.Murphy@hotmail.com,+1 2592869866,PAY_420896,AUT_267429
14,USR_255973,Brent Morrison,Brent.Morrison@hotmail.com,+1 4701573153,PAY_211580,AUT_233488
15,USR_539573,Nancy Dodimead,Nancy.Dodimead@gmail.com,+1 7705150380,PAY_435544,AUT_717648
16,USR_587034,Max Schroeder,Max.Schroeder@hotmail.com,+1 7049377824,PAY_494043,AUT_697253
17,USR_617496,Sharon Harris,Sharon.Harris@yahoo.com,+1 3252850603,PAY_348318,AUT_485121
18,USR_175738,Robert Lemons,Robert.Lemons@yahoo.com,+1 9355942686,PAY_148570,AUT_737965
19,USR_322882,Amanda Mcneill,Amanda.Mcneill@outlook.com,+1 3264093164,PAY_634675,AUT_224272
20,USR_101352,Ebony Upchurch,Ebony.Upchurch@yahoo.com,+1 6691473769,PAY_541150,AUT_312856
21,USR_696829,Nick Garcia,Nick.Garcia@gmail.com,+1 1972222458,PAY_236338,AUT_272719
22,USR_337023,Victoria Williams,Victoria.Williams@yahoo.com,+1 6090380535,PAY_480085,AUT_694263
23,USR_459166,Ruben Weber,Ruben.Weber@outlook.com,+1 1015422374,PAY_841790,AUT_676613
24,USR_924637,Wesley Rouse,Wesley.Rouse@gmail.com,+1 1907530968,PAY_901447,AUT_375350
25,USR_360325,Edward Miller,Edward.Miller@gmail.com,+1 7312778734,PAY_371814,AUT_685672
26,USR_802981,Ann Davis,Ann.Davis@yahoo.com,+1 8729489283,PAY_416914,AUT_962591
27,USR_134287,Lyndsey Navarro,Lyndsey.Navarro@hotmail.com,+1 2250840164,PAY_487566,AUT_460543
28,USR_148925,Jacob Staton,Jacob.Staton@yahoo.com,+1 6694287882,PAY_299355,AUT_226434
29,USR_307022,Juanita Brooks,Juanita.Brooks@yahoo.com,+1 6965309668,PAY_702882,AUT_897372
30,USR_333575,Charles Leos,Charles.Leos@outlook.com,+1 5784545992,PAY_301112,AUT_694444
31,USR_608954,Ricardo Acosta,Ricardo.Acosta@yahoo.com,+1 7639992590,PAY_969092,AUT_763170
32,USR_724861,Nanette Gatlin,Nanette.Gatlin@outlook.com,+1 4675814762,PAY_476903,AUT_679691
33,USR_512356,Lacie Shalash,Lacie.Shalash@gmail.com,+1 3480429299,PAY_957590,AUT_932558
34,USR_813792,Debbie Harness,Debbie.Harness@yahoo.com,+1 9821436382,PAY_586572,AUT_528179
35,USR_556296,John Hunter,John.Hunter@yahoo.com,+1 7992018639,PAY_486292,AUT_176322
36,USR_802917,John Tobey,John.Tobey@yahoo.com,+1 1071830215,PAY_480538,AUT_591849
37,USR_393597,Randy Rollin,Randy.Rollin@hotmail.com,+1 2985435725,PAY_591009,AUT_682949
38,USR_358932,Gregory Wright,Gregory.Wright@gmail.com,+1 6373021310,PAY_703887,AUT_266349
39,USR_291780,Gino Rose,Gino.Rose@gmail.com,+1 7083316045,PAY_930291,AUT_917913
40,USR_885013,John Ruderman,John.Ruderman@hotmail.com,+1 1016317485,PAY_109904,AUT_367623
41,USR_616879,Nancy Cabrera,Nancy.Cabrera@hotmail.com,+1 9107350663,PAY_222617,AUT_249555
42,USR_119484,Clarence Vela,Clarence.Vela@yahoo.com,+1 6597356099,PAY_541033,AUT_773076
43,USR_629088,Richard Lewis,Richard.Lewis@hotmail.com,+1 1271357859,PAY_778078,AUT_801128
44,USR_819349,Nancy Whitehead,Nancy.Whitehead@outlook.com,+1 2766434297,PAY_161130,AUT_326277
45,USR_710237,Milan Zullo,Milan.Zullo@hotmail.com,+1 5804990921,PAY_919332,AUT_639119
46,USR_391842,Michael Pax,Michael.Pax@gmail.com,+1 9044608428,PAY_282402,AUT_578391
47,USR_272924,Michael Marroquin,Michael.Marroquin@yahoo.com,+1 4811116151,PAY_221161,AUT_203079
48,USR_515920,Richard Rothenberg,Richard.Rothenberg@outlook.com,+1 7188096718,PAY_197733,AUT_102795
49,USR_902906,Charlott Smith,Charlott.Smith@outlook.com,+1 7869035074,PAY_796723,AUT_480873
50,USR_511287,Lois Lundy,Lois.Lundy@outlook.com,+1 3512501402,PAY_207758,AUT_329153
51,USR_827624,Linda Creger,Linda.Creger@gmail.com,+1 3225925418,PAY_922870,AUT_739826
52,USR_180296,Jacqueline Robinson,Jacqueline.Robinson@yahoo.com,+1 3961755882,PAY_418013,AUT_291724
53,USR_650268,Angela Odermott,Angela.Odermott@yahoo.com,+1 5541400582,PAY_981674,AUT_308007
54,USR_370564,Audrey Harrison,Audrey.Harrison@hotmail.com,+1 1960111967,PAY_508609,AUT_366025
55,USR_545458,Neil Holcomb,Neil.Holcomb@gmail.com,+1 1782990270,PAY_676986,AUT_242406
56,USR_680026,Wendy Powell,Wendy.Powell@hotmail.com,+1 5100047236,PAY_396701,AUT_214894
57,USR_640548,Sandra Jorgenson,Sandra.Jorgenson@outlook.com,+1 7842310596,PAY_592849,AUT_440365
58,USR_329754,Jeffrey Salcedo,Jeffrey.Salcedo@outlook.com,+1 1507497393,PAY_225770,AUT_344724
59,USR_567002,Mark Webb,Mark.Webb@yahoo.com,+1 3105390472,PAY_892381,AUT_226315
60,USR_176831,Luz Reyes,Luz.Reyes@yahoo.com,+1 8213589387,PAY_268085,AUT_663859
61,USR_377787,Cami Eiland,Cami.Eiland@hotmail.com,+1 4668136692,PAY_475623,AUT_684738
62,USR_279593,Nestor Bunch,Nestor.Bunch@gmail.com,+1 4234762830,PAY_911222,AUT_354951
63,USR_403122,Dustin Myers,Dustin.Myers@gmail.com,+1 3819602829,PAY_911815,AUT_981005
64,USR_758941,Kenneth Williams,Kenneth.Williams@gmail.com,+1 1969984799,PAY_302748,AUT_374586
65,USR_162148,Jason Hajdas,Jason.Hajdas@outlook.com,+1 6904067606,PAY_937274,AUT_285388
66,USR_748004,Jessie Turner,Jessie.Turner@hotmail.com,+1 9372559242,PAY_842538,AUT_418701
67,USR_490622,Vanessa Dixson,Vanessa.Dixson@gmail.com,+1 3575711813,PAY_664587,AUT_108896
68,USR_630571,Christina Wischmeier,Christina.Wischmeier@outlook.com,+1 4446037278,PAY_946347,AUT_949401
69,USR_579532,Jennifer Mcglade,Jennifer.Mcglade@outlook.com,+1 3216258598,PAY_470992,AUT_468340
70,USR_128903,Edna Klan,Edna.Klan@hotmail.com,+1 9119984655,PAY_136005,AUT_974017
71,USR_730102,Thomas Duff,Thomas.Duff@yahoo.com,+1 3669765367,PAY_998744,AUT_326155
72,USR_485443,Susan Nason,Susan.Nason@hotmail.com,+1 4987360804,PAY_699334,AUT_885899
73,USR_308729,Bonnie Johnson,Bonnie.Johnson@gmail.com,+1 8688806297,PAY_882828,AUT_452596
74,USR_368931,Charles Spieth,Charles.Spieth@outlook.com,+1 3395821709,PAY_537803,AUT_637773
75,USR_675112,David Christensen,David.Christensen@hotmail.com,+1 2678826621,PAY_474759,AUT_114208
76,USR_564111,Carol Stiggers,Carol.Stiggers@gmail.com,+1 1350190030,PAY_834628,AUT_697357
77,USR_499111,Debra Martin,Debra.Martin@outlook.com,+1 2648301504,PAY_306814,AUT_480592
78,USR_416141,Nancy Patterson,Nancy.Patterson@yahoo.com,+1 5783758636,PAY_199249,AUT_906468
79,USR_709466,Craig Jones,Craig.Jones@gmail.com,+1 3891076697,PAY_295618,AUT_861599
80,USR_569285,Enrique Teal,Enrique.Teal@yahoo.com,+1 9463201277,PAY_444346,AUT_787119
81,USR_121146,Calvin Hall,Calvin.Hall@gmail.com,+1 7482243014,PAY_779794,AUT_772144
82,USR_143352,Henry Lang,Henry.Lang@outlook.com,+1 6796401571,PAY_287271,AUT_334451
83,USR_109384,Mana Kling,Mana.Kling@hotmail.com,+1 3209540022,PAY_596526,AUT_190541
84,USR_551266,Tracey Richard,Tracey.Richard@yahoo.com,+1 3613533557,PAY_623763,AUT_385108
85,USR_273866,Maurice Ovalle,Maurice.Ovalle@outlook.com,+1 7826929512,PAY_880652,AUT_497538
86,USR_952895,Dawn Hinton,Dawn.Hinton@gmail.com,+1 7108968489,PAY_368828,AUT_375402
87,USR_498515,Dorothy Woodcock,Dorothy.Woodcock@hotmail.com,+1 7646176592,PAY_690747,AUT_858988
88,USR_499695,Louis Thomas,Louis.Thomas@outlook.com,+1 7059338051,PAY_440605,AUT_298923
89,USR_847824,Lori Mayson,Lori.Mayson@yahoo.com,+1 2555284084,PAY_704293,AUT_208280
90,USR_298555,Cherry Flanagan,Cherry.Flanagan@hotmail.com,+1 6918100782,PAY_514418,AUT_586730
91,USR_790964,Gwen Cunningham,Gwen.Cunningham@yahoo.com,+1 9371866066,PAY_573519,AUT_442729
92,USR_518292,Billy Bonham,Billy.Bonham@outlook.com,+1 3237619605,PAY_412272,AUT_837609
93,USR_962418,Rita Hester,Rita.Hester@gmail.com,+1 2030551577,PAY_251186,AUT_358744
94,USR_360412,Stacy Wolcott,Stacy.Wolcott@gmail.com,+1 9359978564,PAY_554026,AUT_854191
95,USR_413551,Daniel Hare,Daniel.Hare@outlook.com,+1 7340229221,PAY_941941,AUT_313031
96,USR_799991,Annette Moilanen,Annette.Moilanen@hotmail.com,+1 7228806803,PAY_947309,AUT_671487
97,USR_811434,Jane Hastings,Jane.Hastings@outlook.com,+1 5345852731,PAY_504253,AUT_330472
98,USR_417345,Michael Hamilton,Michael.Hamilton@gmail.com,+1 4108118373,PAY_565844,AUT_641772
99,USR_950276,Brenda Jones,Brenda.Jones@hotmail.com,+1 6935277694,PAY_575409,AUT_771267
100,USR_976288,Eleanore Shelton,Eleanore.Shelton@gmail.com,+1 8561649400,PAY_979686,AUT_864409
101,USR_807675,Pam Cohen,Pam.Cohen@gmail.com,+1 5823619144,PAY_875369,AUT_296162
102,USR_699956,Bernadette Bray,Bernadette.Bray@outlook.com,+1 9223185158,PAY_906415,AUT_508507
103,USR_802586,Rena Thomas,Rena.Thomas@outlook.com,+1 4085814563,PAY_348609,AUT_161714
104,USR_441932,Verna Michaels,Verna.Michaels@gmail.com,+1 3720563286,PAY_825562,AUT_206473
105,USR_236010,Michael Johnson,Michael.Johnson@gmail.com,+1 1447890505,PAY_817078,AUT_659799
106,USR_628811,Lorraine Emerson,Lorraine.Emerson@outlook.com,+1 7971042439,PAY_341947,AUT_610588
107,USR_364806,Carla Britton,Carla.Britton@yahoo.com,+1 3895195618,PAY_668165,AUT_251853
108,USR_279789,Pamela Dellinger,Pamela.Dellinger@gmail.com,+1 7961841723,PAY_116742,AUT_199932
109,USR_879399,Gertrude Maples,Gertrude.Maples@yahoo.com,+1 4734992506,PAY_641820,AUT_108730
110,USR_987189,Velma Barker,Velma.Barker@yahoo.com,+1 3704727147,PAY_400544,AUT_781864
111,USR_835416,Gregory Potter,Gregory.Potter@outlook.com,+1 6569521354,PAY_816839,AUT_432437
112,USR_628374,Janae Robles,Janae.Robles@hotmail.com,+1 8285535125,PAY_352803,AUT_133790
113,USR_300061,Charles Rarden,Charles.Rarden@hotmail.com,+1 7214323478,PAY_849973,AUT_287023
114,USR_336519,Thelma Gardner,Thelma.Gardner@hotmail.com,+1 4765500176,PAY_827124,AUT_848936
115,USR_860487,Landon Jaffe,Landon.Jaffe@hotmail.com,+1 7009286482,PAY_908109,AUT_416177
116,USR_664014,Erica Gilliland,Erica.Gilliland@outlook.com,+1 4842489534,PAY_739739,AUT_976643
117,USR_754180,Alton Sayler,Alton.Sayler@hotmail.com,+1 3981990052,PAY_485330,AUT_969867
118,USR_423406,Michael Nielsen,Michael.Nielsen@gmail.com,+1 3057975020,PAY_300399,AUT_258449
119,USR_834011,Linda Stinson,Linda.Stinson@outlook.com,+1 3378451644,PAY_624452,AUT_116458
120,USR_329969,Danielle Wingfield,Danielle.Wingfield@yahoo.com,+1 3355200692,PAY_221386,AUT_843534
121,USR_624903,John Owens,John.Owens@hotmail.com,+1 4036363641,PAY_198789,AUT_827634
122,USR_671513,Carol Murphy,Carol.Murphy@hotmail.com,+1 9769076499,PAY_111637,AUT_390235
123,USR_882021,Dominique Kemp,Dominique.Kemp@gmail.com,+1 2121688365,PAY_708255,AUT_625174
124,USR_510337,Latonya Summy,Latonya.Summy@outlook.com,+1 9578862399,PAY_764740,AUT_681445
125,USR_830069,Freddie Gardenhire,Freddie.Gardenhire@outlook.com,+1 1065941295,PAY_262272,AUT_817501
126,USR_109772,Larry Massey,Larry.Massey@outlook.com,+1 8092808598,PAY_272726,AUT_625354
127,USR_660673,Sean Mosley,Sean.Mosley@hotmail.com,+1 8391627938,PAY_125828,AUT_250927
128,USR_279315,Sabrina Gordon,Sabrina.Gordon@outlook.com,+1 7497775701,PAY_552694,AUT_373018
129,USR_531128,Roy Mahan,Roy.Mahan@gmail.com,+1 5443624958,PAY_424287,AUT_130781
130,USR_532289,Elaine Scott,Elaine.Scott@yahoo.com,+1 5951178606,PAY_942039,AUT_633537
131,USR_124912,James Condon,James.Condon@yahoo.com,+1 7085331028,PAY_565561,AUT_130515
132,USR_981215,Robert Weng,Robert.Weng@yahoo.com,+1 4528658409,PAY_393817,AUT_242052
133,USR_553177,Betty Armstong,Betty.Armstong@outlook.com,+1 1561990351,PAY_170999,AUT_272743
134,USR_381816,Francisco Woodruff,Francisco.Woodruff@yahoo.com,+1 6028564625,PAY_552765,AUT_540297
135,USR_704965,Dawn West,Dawn.West@gmail.com,+1 3280201089,PAY_765371,AUT_684635
136,USR_800300,Clifford Miyamoto,Clifford.Miyamoto@yahoo.com,+1 1767077375,PAY_278208,AUT_108163
137,USR_457288,Robin Elliott,Robin.Elliott@gmail.com,+1 9363446467,PAY_647993,AUT_643004
138,USR_735463,Linda Martinez,Linda.Martinez@outlook.com,+1 5198293124,PAY_810346,AUT_705891
139,USR_415069,George Goforth,George.Goforth@hotmail.com,+1 6790496957,PAY_924781,AUT_479499
140,USR_570808,Jeffery Kelly,Jeffery.Kelly@outlook.com,+1 2735401087,PAY_751129,AUT_743799
141,USR_727969,Patricia Rodriguez,Patricia.Rodriguez@yahoo.com,+1 8985681989,PAY_698949,AUT_502433
142,USR_263090,Doris Rodenberger,Doris.Rodenberger@outlook.com,+1 9036277510,PAY_732985,AUT_920587
143,USR_143882,Kenneth Anderson,Kenneth.Anderson@gmail.com,+1 7075631817,PAY_399291,AUT_923656
144,USR_781178,Joseph Eckland,Joseph.Eckland@yahoo.com,+1 6679447212,PAY_671159,AUT_501422
145,USR_604208,Todd Montgomery,Todd.Montgomery@hotmail.com,+1 7511617258,PAY_612830,AUT_482575
146,USR_432182,Brian Leitch,Brian.Leitch@yahoo.com,+1 8168886854,PAY_194262,AUT_568406
147,USR_719983,Bernice Clark,Bernice.Clark@yahoo.com,+1 8939353667,PAY_770548,AUT_839562
148,USR_392470,Nicholas Jones,Nicholas.Jones@hotmail.com,+1 4138649814,PAY_544054,AUT_593010
149,USR_460490,Casey Crimmins,Casey.Crimmins@hotmail.com,+1 3980492649,PAY_863019,AUT_519045
150,USR_447797,Kasey Moreno,Kasey.Moreno@yahoo.com,+1 5414544545,PAY_257696,AUT_813711
151,USR_169633,Gary Hall,Gary.Hall@hotmail.com,+1 9809751757,PAY_429204,AUT_515881
152,USR_650148,Herbert Harper,Herbert.Harper@yahoo.com,+1 1943135268,PAY_440499,AUT_524750
153,USR_329327,Stephen Ishee,Stephen.Ishee@outlook.com,+1 8588341933,PAY_652773,AUT_669922
154,USR_968402,Consuelo Crowley,Consuelo.Crowley@outlook.com,+1 5420699031,PAY_692396,AUT_491200
155,USR_642622,Phyllis Reid,Phyllis.Reid@hotmail.com,+1 2294822451,PAY_217634,AUT_518564
156,USR_116368,Kristina Veach,Kristina.Veach@hotmail.com,+1 9065060733,PAY_285223,AUT_153034
157,USR_456016,Cindy Robinson,Cindy.Robinson@gmail.com,+1 3758766761,PAY_610222,AUT_719894
158,USR_767790,James Boland,James.Boland@outlook.com,+1 3989920308,PAY_655891,AUT_554884
159,USR_107144,Melissa Gilford,Melissa.Gilford@outlook.com,+1 6658773384,PAY_747571,AUT_865162
160,USR_198947,Jon Nobles,Jon.Nobles@outlook.com,+1 3906488133,PAY_660857,AUT_137392
161,USR_457847,Patricia Calvert,Patricia.Calvert@outlook.com,+1 4247079911,PAY_502528,AUT_922233
162,USR_696756,David Lowery,David.Lowery@yahoo.com,+1 6265785306,PAY_835384,AUT_980740
163,USR_480311,Vincent Armbruster,Vincent.Armbruster@gmail.com,+1 9417019653,PAY_451314,AUT_955867
164,USR_291612,Betty Smith,Betty.Smith@yahoo.com,+1 5201851979,PAY_769232,AUT_339770
165,USR_190812,Hilda Smykowski,Hilda.Smykowski@gmail.com,+1 5819517290,PAY_811309,AUT_221273
166,USR_188130,Nancy Paul,Nancy.Paul@hotmail.com,+1 5819765226,PAY_643224,AUT_587588
167,USR_741349,Sonia Anderson,Sonia.Anderson@outlook.com,+1 8191650966,PAY_652759,AUT_800591
168,USR_826543,Amanda Johnson,Amanda.Johnson@yahoo.com,+1 8240956752,PAY_810658,AUT_978939
169,USR_376325,Vilma Brough,Vilma.Brough@yahoo.com,+1 8292514561,PAY_640436,AUT_864333
170,USR_119503,Kenneth Williamson,Kenneth.Williamson@yahoo.com,+1 2637923082,PAY_292366,AUT_567803
171,USR_163182,Judy Crider,Judy.Crider@gmail.com,+1 2029122878,PAY_571403,AUT_458974
172,USR_171507,Elaine Burton,Elaine.Burton@hotmail.com,+1 1481304247,PAY_991242,AUT_125209
173,USR_567202,Edward Boling,Edward.Boling@yahoo.com,+1 2711461308,PAY_829905,AUT_489651
174,USR_308137,Mari Sims,Mari.Sims@outlook.com,+1 8784721097,PAY_349790,AUT_140010
175,USR_589609,Ruth Morris,Ruth.Morris@outlook.com,+1 7193837063,PAY_374019,AUT_617037
176,USR_767057,Eric Greene,Eric.Greene@hotmail.com,+1 8349501194,PAY_264801,AUT_511156
177,USR_457655,Franklin Muina,Franklin.Muina@outlook.com,+1 8157655587,PAY_552533,AUT_676001
178,USR_716624,Marie Deleon,Marie.Deleon@yahoo.com,+1 5277782986,PAY_818009,AUT_143997
179,USR_127143,Gregory Dimaggio,Gregory.Dimaggio@yahoo.com,+1 1630304544,PAY_892734,AUT_877860
180,USR_928842,Robert Magnusson,Robert.Magnusson@hotmail.com,+1 9141203208,PAY_152142,AUT_427439
181,USR_297504,Angela Washington,Angela.Washington@gmail.com,+1 9873818248,PAY_158324,AUT_916717
182,USR_283659,Bruce Brackley,Bruce.Brackley@gmail.com,+1 2567553271,PAY_481900,AUT_798348
183,USR_480378,Phil Miske,Phil.Miske@yahoo.com,+1 8627671686,PAY_524926,AUT_807514
184,USR_958861,Mark Jones,Mark.Jones@yahoo.com,+1 8663994903,PAY_395108,AUT_691012
185,USR_766332,Margaret Brown,Margaret.Brown@hotmail.com,+1 5376507667,PAY_592948,AUT_738451
186,USR_776206,Matthew Mcclurg,Matthew.Mcclurg@gmail.com,+1 2754545516,PAY_384722,AUT_134764
187,USR_912492,Nancy Romero,Nancy.Romero@hotmail.com,+1 5931158957,PAY_333481,AUT_152417
188,USR_930369,Alba Davis,Alba.Davis@yahoo.com,+1 6053993715,PAY_929279,AUT_252070
189,USR_680062,Janet Gibson,Janet.Gibson@outlook.com,+1 9982334801,PAY_662244,AUT_877850
190,USR_938243,Jack Darroch,Jack.Darroch@hotmail.com,+1 2726503869,PAY_352938,AUT_184443
191,USR_404560,Cory Oswald,Cory.Oswald@gmail.com,+1 1068121189,PAY_824686,AUT_860016
192,USR_865250,John Braxton,John.Braxton@outlook.com,+1 9678250691,PAY_964184,AUT_715858
193,USR_797941,Joyce Chatten,Joyce.Chatten@gmail.com,+1 9445680044,PAY_797291,AUT_577609
194,USR_626878,Katie Payne,Katie.Payne@hotmail.com,+1 8747891139,PAY_729188,AUT_255625
195,USR_165187,Ashley Rosenblatt,Ashley.Rosenblatt@hotmail.com,+1 7084913689,PAY_509722,AUT_784850
196,USR_624257,Theresa Rennemeyer,Theresa.Rennemeyer@gmail.com,+1 4634827197,PAY_560825,AUT_636742
197,USR_643581,Peter Thielen,Peter.Thielen@yahoo.com,+1 7283939994,PAY_214138,AUT_125106
198,USR_340640,Jerry Silvernail,Jerry.Silvernail@gmail.com,+1 7515854857,PAY_877992,AUT_881467
199,USR_885130,Ruth Schoettmer,Ruth.Schoettmer@outlook.com,+1 9615699060,PAY_738197,AUT_283666
